{
  "multiple_assignees": true,
  "features": {
    "due_dates": {
      "enabled": true,
      "start_date": false,
      "remap_due_dates": true,
      "remap_closed_due_date": false
    },
    "time_tracking": {
      "enabled": false
    },
    "tags": {
      "enabled": true
    },
    "time_estimates": {
      "enabled": true
    },
    "checklists": {
      "enabled": true
    },
    "custom_fields": {
      "enabled": true
    },
    "remap_dependencies": {
      "enabled": true
    },
    "dependency_warning": {
      "enabled": true
    },
    "portfolios": {
      "enabled": true
    }
  }
}
